Rank,Polish,English,,Notes
1,nie,no,,"1) This list was created using public/free subtitles, particularly from opensubtitles.org."
2,to,this,,The order is based on the number of occurences of each word in the subtitles.
3,się,himself,,
4,w,in,,2) The English translation is by Google and can be un-reliable for some words.
5,na,on,,
6,i,and,,3) You can change the translation from English to another language.
7,z,with,,To do this you will first need to make a copy of this spreadsheet.  (File > Make a copy...)
8,co,What,,"Then replace the ""en"" in the function in the cells in Column C with your desired language code."
9,jest,is,,"e.g. Replace ""en"" with ""sv"" for Swedish."
10,że,that,,List of supported languages:
11,do,down,,https://cloud.google.com/translate/v2/using_rest?hl=en#language-params
12,tak,Yes,,
13,jak,how,,4) The original source of this list can be found here:
14,o,about,,https://invokeit.wordpress.com/frequency-word-lists/
15,mnie,me,,
16,a,and,,5) It is licensed under the following Creative Commons license:
17,ale,but,,http://creativecommons.org/licenses/by-sa/3.0/
18,mi,to me,,
19,za,behind,,6) More Most Common word lists (other languages) can be found here:
20,ja,I,,http://www.101languages.net/common-words/
21,ci,these,,
22,tu,here,,
23,ty,you,,
24,czy,whether,,
25,tym,this,,
26,go,him,,
27,tego,this,,
28,tylko,only,,
29,jestem,I am,,
30,po,after,,
31,cię,you,,
32,ma,It has,,
33,już,already,,
34,mam,I have,,
35,jesteś,You are,,
36,może,maybe,,
37,pan,Mr,,
38,dla,for,,
39,coś,something,,
40,dobrze,well,,
41,wiem,I know,,
42,jeśli,if,,
43,teraz,now,,
44,proszę,Please,,
45,od,from,,
46,wszystko,everything,,
47,tam,over there,,
48,więc,so,,
49,masz,you have,,
50,nic,Thread,,
51,on,he,,
52,być,be,,
53,gdzie,where,,
54,będzie,will,,
55,są,are,,
56,ten,this,,
57,mogę,I can,,
58,ciebie,you,,
59,bardzo,very,,
60,sobie,himself,,
61,kiedy,when,,
62,ze,that,,
63,wiesz,Do you know,,
64,no,Well,,
65,jej,her,,
66,jeszcze,yet,,
67,pani,you,,
68,był,It was,,
69,mój,my,,
70,chcę,want,,
71,było,it was,,
72,dlaczego,why,,
73,by,would,,
74,przez,through,,
75,nas,us,,
76,tutaj,here,,
77,chcesz,you want,,
78,jego,his,,
79,ją,I,,
80,ich,their,,
81,nigdy,never,,
82,żeby,in order to,,
83,też,also,,
84,kto,who,,
85,naprawdę,really,,
86,przepraszam,excuse me,,
87,bo,because,,
88,mamy,we have,,
89,porządku,right,,
90,możesz,you can,,
91,dobra,Okay,,
92,mu,him,,
93,dziękuję,thank you,,
94,ona,she,,
95,domu,house,,
96,panie,Mr.,,
97,muszę,I have to,,
98,nawet,even,,
99,chyba,surely,,
100,hej,Hi,,
101,właśnie,just,,
102,prawda,truth,,
103,zrobić,do,,
104,te,these,,
105,zawsze,always,,
106,będę,I will,,
107,moja,my,,
108,gdy,when,,
109,je,them,,
110,trochę,some,,
111,nam,U.S,,
112,moje,my,,
113,cześć,Hello,,
114,bez,without,,
115,nim,it,,
116,była,was,,
117,tej,this,,
118,jesteśmy,We are,,
119,dalej,further,,
120,pana,Mr,,
121,dzięki,thanks,,
122,wszyscy,everybody,,
123,musisz,you,,
124,twój,your,,
125,lat,years,,
126,tobą,you,,
127,więcej,more,,
128,ktoś,someone,,
129,czas,time,,
130,ta,this,,
131,który,which,,
132,chce,want,,
133,powiedzieć,tell,,
134,chodź,come,,
135,dobry,good,,
136,mną,me,,
137,niech,let,,
138,sam,alone,,
139,razem,together,,
140,chodzi,it comes,,
141,czego,what,,
142,boże,God,,
143,stało,happened,,
144,musimy,we have,,
145,raz,once,,
146,albo,or,,
147,prostu,just,,
148,będziesz,you,,
149,dzień,day,,
150,możemy,Shell we,,
151,was,mustache,,
152,myślę,I think,,
153,czym,and,,
154,daj,give,,
155,lepiej,better,,
156,czemu,why,,
157,ludzie,people,,
158,ok,okay,,
159,przed,before,,
160,życie,life,,
161,ludzi,people,,
162,robisz,you do,,
163,my,we,,
164,niż,than,,
165,tych,these,,
166,kim,Who is,,
167,rzeczy,things,,
168,myślisz,you think,,
169,powiedz,tell,,
170,przy,at,,
171,twoja,your,,
172,oni,they,,
173,oczywiście,of course,,
174,nikt,no one,,
175,siebie,each other,,
176,stąd,hence,,
177,niego,him,,
178,twoje,your,,
179,miał,he had,,
180,jeden,one,,
181,mówi,says,,
182,powiedział,He said,,
183,moim,my,,
184,czasu,time,,
185,u,at,,
186,dziś,today,,
187,im,them,,
188,które,which,,
189,musi,must,,
190,wtedy,then,,
191,taki,such,,
192,aby,to,,
193,pod,under,,
194,dwa,two,,
195,temu,ago,,
196,pewnie,surely,,
197,takie,such a,,
198,cóż,Well,,
199,wszystkie,all,,
200,mojego,my,,
201,dużo,a lot,,
202,cholera,cholera,,
203,kurwa,whore,,
204,wie,know,,
205,znaczy,means,,
206,wygląda,looks,,
207,dzieje,history,,
208,mieć,have,,
209,ile,how much,,
210,iść,go,,
211,potem,later,,
212,będziemy,we will,,
213,dzieci,children,,
214,dlatego,because,,
215,cały,all,,
216,byłem,I was,,
217,moją,my,,
218,skąd,whence,,
219,szybko,fast,,
220,jako,as,,
221,kochanie,sweetheart,,
222,stary,old,,
223,trzeba,one must,,
224,miejsce,place,,
225,myśli,thoughts,,
226,można,one can,,
227,sie,August,,
228,jasne,Sure,,
229,mojej,my,,
230,wam,you,,
231,swoje,your,,
232,zaraz,soon,,
233,wiele,many,,
234,nią,it,,
235,rozumiem,I understand,,
236,nich,them,,
237,wszystkich,all,,
238,jakieś,some,,
239,jakiś,some,,
240,kocham,love,,
241,idź,go,,
242,tę,these,,
243,mają,they have,,
244,mówię,I say,,
245,mówisz,you say,,
246,dzisiaj,today,,
247,nad,above,,
248,pomóc,help,,
249,takiego,such a,,
250,przestań,come on,,
251,tobie,you,,
252,jutro,tomorrow,,
253,robić,do,,
254,jaki,what,,
255,mamo,Mom,,
256,kilka,a few,,
257,przykro,sorry,,
258,wiedzieć,know,,
259,ojciec,father,,
260,widzisz,you see,,
261,zbyt,too,,
262,zobaczyć,see,,
263,która,which,,
264,ani,or,,
265,tyle,so much,,
266,trzy,three,,
267,tą,this,,
268,sposób,way,,
269,miałem,I had,,
270,tato,Dad,,
271,niej,it,,
272,później,later,,
273,pieniądze,money,,
274,robi,does,,
275,kogoś,someone,,
276,kiedyś,once,,
277,zanim,before,,
278,widzę,I see,,
279,pracy,working,,
280,świetnie,Great,,
281,pewno,surely,,
282,myślałem,I thought,,
283,będą,will,,
284,bardziej,more,,
285,życia,life,,
286,długo,long,,
287,och,oh,,
288,sir,sir,,
289,ponieważ,because,,
290,aż,until,,
291,dni,days,,
292,nocy,night,,
293,każdy,each,,
294,dnia,day,,
295,znowu,again,,
296,oh,oh,,
297,chciałem,I wanted,,
298,taka,the,,
299,swoją,your,,
300,twoim,your,,
301,widziałem,I have seen,,
302,stanie,able,,
303,powiem,I say,,
304,imię,name,,
305,wy,you,,
306,żebyś,you,,
307,nadzieję,hope,,
308,twojej,your,,
309,panu,Mr.,,
310,spokój,calm,,
311,słuchaj,listen,,
312,rację,right,,
313,spójrz,look,,
314,razie,event,,
315,znam,I know,,
316,pierwszy,first,,
317,koniec,end,,
318,chciałbym,I would like,,
319,we,in,,
320,nami,us,,
321,jakie,what,,
322,posłuchaj,listen,,
323,problem,problem,,
324,przecież,yet,,
325,dobre,good,,
326,nasz,our,,
327,dziecko,child,,
328,drzwi,door,,
329,nasze,our,,
330,miło,nice,,
331,czuję,I feel,,
332,mógł,could,,
333,żyje,lives,,
334,jeżeli,if,,
335,człowiek,man,,
336,powiedziałem,I said,,
337,gdyby,if,,
338,roku,year,,
339,dom,House,,
340,sama,herself,,
341,potrzebuję,need,,
342,wszystkim,all,,
343,zostać,stay,,
344,wciąż,still,,
345,dokładnie,exactly,,
346,mama,mom,,
347,którzy,who,,
348,mówić,speak,,
349,zamknij,close,,
350,mów,tell,,
351,twoją,your,,
352,chwilę,moments,,
353,zrobił,done,,
354,samo,itself,,
355,idziemy,go,,
356,nadal,still,,
357,jesteście,you are,,
358,zabić,kill,,
359,były,former,,
360,sobą,together,,
361,kogo,whom,,
362,lub,or,,
363,lubię,I Like,,
364,the,the,,
365,podoba,like,,
366,minut,minutes,,
367,bym,I,,
368,chciał,he wanted,,
369,bądź,be,,
370,czegoś,something,,
371,gdzieś,somewhere,,
372,mówiłem,I said,,
373,chodźmy,let's go,,
374,znaleźć,found,,
375,poza,pose,,
376,spokojnie,calmly,,
377,wcześniej,before,,
378,został,left,,
379,rozumiesz,understand,,
380,mogą,can,,
381,prawie,almost,,
382,wydaje,it seems,,
383,miała,she had,,
384,mały,small,,
385,byłeś,you were,,
386,facet,guy,,
387,zrobię,I will,,
388,macie,you have,,
389,żadnych,any,,
390,razy,times,,
391,noc,night,,
392,ciągle,Still,,
393,broń,weapon,,
394,moich,my,,
395,twojego,your,,
396,końcu,the end,,
397,pomocy,help,,
398,czekaj,wait,,
399,znasz,you know,,
400,oczy,eyes,,
401,weź,take,,
402,idę,I'm going,,
403,halo,Hello,,
404,dość,enough,,
405,innego,another,,
406,pomysł,idea,,
407,jakby,like,,
408,trzymaj,hold,,
409,jedno,one,,
410,ojca,father,,
411,porozmawiać,talk,,
412,pamiętasz,Do you remember,,
413,lata,patch,,
414,powinieneś,should,,
415,którą,which,,
416,powodu,reason,,
417,takim,such a,,
418,niczego,nothing,,
419,powinniśmy,should,,
420,oto,here,,
421,napisy,Subtitles,,
422,jednak,but,,
423,świat,world,,
424,pokoju,room,,
425,żebym,me,,
426,sprawy,Affairs,,
427,dwie,two,,
428,samochód,car,,
429,swój,your,,
430,wystarczy,only need to,,
431,pewien,a,,
432,źle,wrong,,
433,pozwól,let the,,
434,numer,number,,
435,jedną,one,,
436,miejscu,place,,
437,you,you,,
438,drogi,expensive,,
439,byłam,I was,,
440,dokąd,where,,
441,miłość,love,,
442,panowie,gentlemen,,
443,pieniędzy,money,,
444,którego,whose,,
445,matka,mother,,
446,rano,morning,,
447,dwóch,two,,
448,całe,all,,
449,patrz,Look,,
450,rzecz,item,,
451,nowy,new,,
452,idzie,goes,,
453,wyglądasz,look,,
454,bóg,God,,
455,byś,you,,
456,życiu,life,,
457,nimi,them,,
458,nikogo,anyone,,
459,całą,whole,,
460,swojego,his,,
461,świecie,world,,
462,sprawa,case,,
463,dziewczyna,girl,,
464,prawo,right,,
465,byli,Visitors,,
466,zostaw,leave,,
467,wiedziałem,I knew,,
468,jedna,one,,
469,widzieć,see,,
470,swoim,his,,
471,kobiety,women,,
472,uważaj,be careful,,
473,najpierw,first,,
474,właściwie,properly,,
475,dam,I will give,,
476,również,also,,
477,diabła,hell,,
478,chcą,they want,,
479,którym,which,,
480,zrób,make,,
481,da,da,,
482,jednego,one,,
483,dać,give,,
484,musiał,he had,,
485,ręce,hands,,
486,powinienem,I should,,
487,których,which,,
488,znów,again,,
489,powiedziała,she said,,
490,wczoraj,yesterday,,
491,czujesz,you feel,,
492,zaczekaj,Wait,,
493,sądzę,I think,,
494,śmierć,death,,
495,mówił,he said,,
496,podczas,during,,
497,której,which,,
498,całkiem,quite,,
499,pracę,working,,
500,żona,wife,,
501,pójdę,I will go,,
502,pamiętam,I remember,,
503,powiedziałeś,you tell,,
504,mówią,they say,,
505,wiemy,we know,,
506,jezu,jezu,,
507,witam,Hello,,
508,cholery,hell,,
509,swoich,their,,
510,telefon,Telephone,,
511,wielu,many,,
512,także,also,,
513,poważnie,seriously,,
514,skoro,since,,
515,miejsca,place,,
516,robię,I am doing,,
517,śmierci,dying,,
518,słyszałem,I heard,,
519,wina,fault,,
520,zrobiłem,I did,,
521,dobranoc,Good night,,
522,parę,a couple,,
523,prawdę,truth,,
524,swojej,his,,
525,serce,heart,,
526,inaczej,otherwise,,
527,dziewczyny,Girls,,
528,kobieta,woman,,
529,powiesz,tell,,
530,martw,worry,,
531,rób,do,,
532,pytanie,question,,
533,pięć,bake,,
534,innych,other,,
535,one,they,,
536,gra,game,,
537,natychmiast,immediately,,
538,wrócić,come back,,
539,szybciej,faster,,
540,jednym,one,,
541,cokolwiek,anything,,
542,wierzę,I believe,,
543,wcale,at all,,
544,wieczór,evening,,
545,ważne,important,,
546,człowieka,human,,
547,wielki,large,,
548,nowa,new,,
549,dopiero,only,,
550,ziemi,earth,,
551,gdybym,I,,
552,tata,dad,,
553,poznać,meet,,
554,stać,be,,
555,jack,jack,,
556,myślałam,I was thinking,,
557,witaj,Hello,,
558,słowa,words,,
559,zrobiłeś,you have done,,
560,gówno,shit,,
561,john,john,,
562,dolarów,dollars,,
563,sprawę,case,,
564,inne,other,,
565,idziesz,you go,,
566,miałam,I had,,
567,wiecie,you know,,
568,chciałam,I wanted to,,
569,zobaczenia,see you,,
570,widziałeś,You are seen,,
571,żyć,live,,
572,każdym,each,,
573,nasza,our,,
574,panią,Mrs.,,
575,wspaniale,great,,
576,chwili,time,,
577,każdego,every,,
578,nowego,new,,
579,nieźle,not bad,,
580,takich,such,,
581,między,between,,
582,dostać,get,,
583,powinien,should,,
584,dawaj,give,,
585,dopóki,while,,
586,naszych,our,,
587,naszej,ours,,
588,świata,world,,
589,chłopaki,boys,,
590,chcemy,we want,,
591,poczekaj,hold on,,
592,jaką,what,,
593,człowieku,Man,,
594,czasem,sometimes,,
595,żadnego,any,,
596,inny,different,,
597,przynajmniej,at least,,
598,nazywa,called,,
599,super,cool,,
600,naszego,our,,
601,szczęście,happiness,,
602,potrzebuje,need,,
603,godziny,hours,,
604,zabrać,take,,
605,powrotem,back,,
606,syn,son,,
607,lecz,but,,
608,słucham,listen,,
609,twoich,your,,
610,udało,succeeded,,
611,boga,god,,
612,pokój,room,,
613,działa,it works,,
614,ogóle,all,,
615,naszym,our,,
616,szkoły,school,,
617,możliwe,possible,,
618,wiedział,he knew,,
619,wyjść,exit,,
620,wszystkiego,everything,,
621,byłoby,would be,,
622,daleko,far,,
623,wieczorem,in the evening,,
624,skarbie,honey,,
625,jaka,what,,
626,mógłbym,I could,,
627,ostatni,last,,
628,możecie,you can,,
629,cztery,four,,
630,doktorze,Doctor,,
631,zrobimy,we do,,
632,mąż,husband,,
633,przeciwko,against,,
634,zgadza,agrees,,
635,zrobisz,you do,,
636,czasie,time,,
637,czasami,sometimes,,
638,brzmi,reads,,
639,raczej,rather,,
640,ciało,body,,
641,należy,belongs,,
642,miasta,cities,,
643,miałeś,you,,
644,taką,the,,
645,brat,brother,,
646,cieszę,I'm happy,,
647,rozmawiać,speak,,
648,cała,whole,,
649,czymś,something,,
650,wybacz,forgive,,
651,twarz,face,,
652,mała,little,,
653,chcecie,you want,,
654,dr,Dr.,,
655,pojęcia,concepts,,
656,lubisz,do you like,,
657,głowę,head,,
658,najbardziej,most,,
659,dziwne,weird,,
660,głowy,head,,
661,wody,water,,
662,pół,half,,
663,wiadomość,message,,
664,policja,Police,,
665,strony,page,,
666,l,l,,
667,pl,en,,
668,mogłem,I could,,
669,mieli,they had,,
670,widzenia,view,,
671,pewna,a,,
672,ruszaj,go,,
673,wracaj,come back,,
674,ode,from,,
675,popatrz,look,,
676,końca,end,,
677,plan,plan,,
678,kiedykolwiek,ever,,
679,wejść,input,,
680,została,she stayed,,
681,rok,year,,
682,syna,son,,
683,uda,thighs,,
684,wrócę,return,,
685,zewnątrz,outside,,
686,droga,way,,
687,uwierzyć,believe,,
688,późno,late,,
689,zostało,was,,
690,zostanie,will be,,
691,zły,bad,,
692,kapitanie,Captain,,
693,potrzebujemy,We need,,
694,byliśmy,we were,,
695,zobaczymy,see,,
696,gotowy,ready,,
697,obchodzi,celebrates,,
698,jechać,drive,,
699,rodziny,families,,
700,widziałam,I saw,,
701,drodze,way,,
702,czeka,waiting,,
703,środku,the middle,,
704,film,movie,,
705,spać,sleep,,
706,człowiekiem,human,,
707,zupełnie,quite,,
708,taa,taa,,
709,pomóż,help,,
710,mieliśmy,we had,,
711,pomoc,help,,
712,słowo,word,,
713,innym,other,,
714,ostatnio,lately,,
715,and,and,,
716,zna,know,,
717,mogła,could,,
718,pójść,go,,
719,chłopcy,boys,,
720,wziąć,take,,
721,mógłbyś,could,,
722,tłumaczenie,translation,,
723,potrzebujesz,need,,
724,słyszysz,hear,,
725,blisko,near,,
726,godzin,hours,,
727,miłości,love,,
728,góry,mountains,,
729,zabił,killed,,
730,piękna,beautiful,,
731,napisów,subtitle,,
732,pokaż,show,,
733,moi,my,,
734,lubi,likes,,
735,robota,job,,
736,prawa,rights,,
737,ciężko,hard,,
738,kimś,someone,,
739,dół,bottom,,
740,rękę,hand,,
741,nazywam,My name is,,
742,wielkie,great,,
743,część,Hello,,
744,wkrótce,soon,,
745,naszą,our,,
746,jedziemy,we drive,,
747,zapomnij,forget,,
748,prosto,straight,,
749,radę,counsel,,
750,robimy,we do,,
751,powinnaś,should,,
752,gdybyś,if you,,
753,chociaż,although,,
754,zależy,depends,,
755,stronie,website,,
756,wypadek,accident,,
757,tydzień,week,,
758,byłaś,you were,,
759,nowe,new,,
760,małe,small,,
761,praca,job,,
762,drogę,way,,
763,chłopak,boy,,
764,zrobi,do,,
765,widział,seen,,
766,mieście,city,,
767,synu,son,,
768,oznacza,means,,
769,krew,blood,,
770,mógłby,could,,
771,krwi,blood,,
772,górę,up,,
773,joe,joe,,
774,wasza,yours,,
775,robią,do,,
776,tędy,this way,,
777,wszędzie,everywhere,,
778,temat,topic,,
779,pierwsze,first,,
780,zobacz,see,,
781,ponad,more than,,
782,kraju,country,,
783,mało,little,,
784,racja,right,,
785,tymi,these,,
786,cicho,quietly,,
787,chciała,He wanted,,
788,powiedziałam,I said,,
789,leci,flies,,
790,powinno,should,,
791,mówiąc,speaking,,
792,serca,hearts,,
793,chciałabym,I would like to,,
794,miasto,city,,
795,george,george,,
796,spotkać,meet,,
797,mniej,less,,
798,e,e,,
799,przyjaciel,friend,,
800,mówiłeś,you said,,
801,kłopoty,troubles,,
802,miesięcy,months,,
803,jakąś,some,,
804,żaden,no,,
805,zostań,Become,,
806,roboty,robots,,
807,zatrzymać,stop,,
808,frank,franc,,
809,nieważne,does not matter,,
810,głupi,stupid,,
811,pa,pa,,
812,koleś,dude,,
813,sprawie,case,,
814,spotkanie,meet,,
815,ojcze,father,,
816,pewnego,some,,
817,spróbuj,try,,
818,drugi,second,,
819,znalazłem,I found,,
820,pracować,work,,
821,całym,All,,
822,zostały,left,,
823,złe,wrong,,
824,niemożliwe,impossible,,
825,jakoś,somehow,,
826,zdjęcia,pictures,,
827,stronę,page,,
828,wiedzą,knowledge,,
829,it,it,,
830,dziewczynę,girl,,
831,zaczyna,begins,,
832,mogli,could,,
833,samego,the same,,
834,sądzisz,do you think,,
835,rodzina,family,,
836,razu,immediately,,
837,trudno,difficult,,
838,samochodu,car,,
839,okay,okay,,
840,boję,I'm scared,,
841,szkoda,detriment,,
842,wami,you,,
843,charlie,charlie,,
844,dał,gave,,
845,środka,agent,,
846,ojcem,father,,
847,piękne,beautiful,,
848,dawno,long ago,,
849,choć,though,,
850,panem,Mr.,,
851,przykład,example,,
852,nagle,suddenly,,
853,bracie,brother,,
854,żadnej,any,,
855,drugiej,second,,
856,przyjaciół,friends,,
857,otwórz,open,,
858,myśleć,think,,
859,doktor,doctor,,
860,chwileczkę,just a moment,,
861,pracuje,working,,
862,najlepszy,best,,
863,brata,brother,,
864,czyż,is it,,
865,często,often,,
866,http,http,,
867,powinnam,should,,
868,odejść,leave,,
869,trzech,three,,
870,chodźcie,Cannes,,
871,nazwisko,name,,
872,szansę,chances,,
873,ciała,the body,,
874,policji,police,,
875,szkole,School,,
876,prawdopodobnie,probably,,
877,serio,seriously,,
878,matki,mother,,
879,org,org,,
880,wolno,slow,,
881,sami,themselves,,
882,muszą,must,,
883,zabierz,take,,
884,słyszałeś,did you hear,,
885,siostra,sister,,
886,uspokój,calm down,,
887,wystarczająco,enough,,
888,początku,early,,
889,faceta,man,,
890,problemy,issues,,
891,szefie,boss,,
892,broni,weapon,,
893,me,me,,
894,zostawić,leave,,
895,czuje,feels,,
896,będziecie,you will,,
897,przyszedł,came,,
898,wiedziałam,I knew,,
899,kilku,several,,
900,inni,others,,
901,b,b,,
902,głowie,head,,
903,historia,history,,
904,według,according,,
905,www,website,,
906,wezmę,I will take,,
907,nowym,new,,
908,czekać,wait,,
909,stój,halt,,
910,mężczyzna,man,,
911,mówiłam,I told,,
912,pokazać,show,,
913,około,about,,
914,wracam,back,,
915,wieku,century,,
916,jakaś,some,,
917,pierwsza,first,,
918,niczym,like,,
919,zabiję,kill,,
920,zdjęcie,picture,,
921,zabawne,funny,,
922,rodzice,parents,,
923,musiałem,I had to,,
924,całkowicie,fully,,
925,sprawdzić,check,,
926,mike,mike,,
927,przyjdzie,will come,,
928,sześć,six,,
929,kupić,buy,,
930,dobrym,good,,
931,żonę,wife,,
932,dasz,you give,,
933,pomoże,help,,
934,nogi,legs,,
935,obok,next to,,
936,ruszać,move,,
937,trzymać,keep,,
938,zadzwonić,call,,
939,panno,Miss,,
940,godzinę,hour,,
941,boli,it hurts,,
942,oraz,and,,
943,spokoju,peace,,
944,walczyć,fight,,
945,wróci,return,,
946,tom,volume,,
947,wspólnego,common,,
948,zmienić,change,,
949,ostatnie,last,,
950,uwagę,attention,,
951,znać,know,,
952,jednej,one,,
953,dłużej,longer,,
954,powie,tell,,
955,pogadać,talk,,
956,łatwo,easily,,
957,większość,most,,
958,nikomu,anyone,,
959,michael,michael,,
960,córka,daughter,,
961,niedługo,soon,,
962,powodzenia,Good luck,,
963,tygodniu,week,,
964,włosy,hair,,
965,niestety,unfortunately,,
966,górze,Mountain,,
967,kochasz,love,,
968,prawdziwy,real,,
969,historii,history,,
970,ulicy,street,,
971,musicie,you have,,
972,gotowi,ready,,
973,chwila,moment,,
974,samym,the,,
975,grać,play,,
976,zadzwonię,call,,
977,strasznie,awfully,,
978,mieszka,lives,,
979,kocha,love,,
980,rady,advice,,
981,tyłu,so many,,
982,jakim,what,,
983,obiecuję,I promise,,
984,tysięcy,thousands,,
985,pomyślałem,I thought,,
986,pracuję,working,,
987,jedynie,only,,
988,pozwolić,let,,
989,uwaga,attention,,
990,proste,simple,,
991,zacząć,to begin,,
992,myśl,thought,,
993,wstawaj,get up,,
994,rany,wounds,,
995,prawdziwe,real,,
996,takiej,the,,
997,jakiegoś,some,,
998,umrzeć,die,,
999,złego,bad,,
1000,okazji,opportunity,,
1001,gotowa,ready,,
1002,wasze,yours,,
1003,słyszę,I hear,,
1004,wojny,war,,
1005,wracać,return,,
1006,kobietą,woman,,
1007,brak,lack,,
1008,ziemię,Earth,,
1009,istnieje,there,,
1010,gość,guest,,
1011,widać,can be seen,,
1012,chciałeś,you wanted,,
1013,moment,moment,,
1014,przysięgam,I swear,,
1015,nienawidzę,I hate,,
1016,następny,next,,
1017,dziewczyną,girl,,
1018,zadzwoń,call,,
1019,zamiast,instead,,
1020,męża,husband,,
1021,błąd,error,,
1022,wiadomości,messages,,
1023,hey,hey,,
1024,następnym,next,,
1025,miało,was supposed to,,
1026,przyjacielem,friend,,
1027,wspaniałe,great,,
1028,duży,big,,
1029,zatrzymaj,stop,,
1030,jedź,go,,
1031,czyli,or,,
1032,młody,young,,
1033,daje,gives,,
1034,chłopcze,boy,,
1035,spróbować,taste,,
1036,przyjaciele,Friends,,
1037,zobaczysz,you will see,,
1038,ach,ah,,
1039,zwykle,usually,,
1040,głos,voice,,
1041,wreszcie,finally,,
1042,harry,harry,,
1043,same,themselves,,
1044,uważasz,you think,,
1045,najlepiej,best,,
1046,nigdzie,anywhere,,
1047,list,letter,,
1048,uważam,I think,,
1049,niby,kind of,,
1050,cie,you,,
1051,zamierzam,I'm going to,,
1052,ależ,oh,,
1053,jedzenie,food,,
1054,dziecka,child,,
1055,powiedziałaś,you tell,,
1056,zatem,therefore,,
1057,dajcie,give,,
1058,potrafię,I can,,
1059,mocno,firmly,,
1060,wrócił,he returned,,
1061,rodzinę,family,,
1062,szczęśliwy,lucky,,
1063,najlepsze,best,,
1064,widzi,sees,,
1065,zrozumieć,understand,,
1066,zajmę,take care,,
1067,zrobiła,she did,,
1068,żony,wives,,
1069,światło,light,,
1070,tyłek,ass,,
1071,łóżka,bed,,
1072,osób,people,,
1073,moglibyśmy,we could,,
1074,tacy,those,,
1075,los,moose,,
1076,jimmy,jimmy,,
1077,pewnością,certainly,,
1078,sen,dream,,
1079,wielka,huge,,
1080,david,david,,
1081,mówiła,she said,,
1082,piękny,beautiful,,
1083,przyjść,come,,
1084,dzieckiem,baby,,
1085,dosyć,enough,,
1086,ciągu,within,,
1087,wspaniały,magnificent,,
1088,policję,police,,
1089,mimo,despite,,
1090,twarzy,facial,,
1091,chryste,christ,,
1092,hotelu,hotel,,
1093,znajdę,I will find,,
1094,obiad,dinner,,
1095,mary,bier,,
1096,szukam,I am looking,,
1097,pytania,questions,,
1098,pies,dog,,
1099,interes,business,,
1100,pokażę,I will show,,
1101,ponownie,again,,
1102,bogu,god,,
1103,pamiętaj,remember,,
1104,ludźmi,people,,
1105,jorku,York City,,
1106,ludziom,people,,
1107,każdej,every,,
1108,puść,let go,,
1109,pewny,sure,,
1110,zła,bad,,
1111,dostaniesz,you will get,,
1112,usiądź,sit down,,
1113,siadaj,sit down,,
1114,walki,fight,,
1115,reszta,rest,,
1116,miły,nice,,
1117,żoną,wife,,
1118,robił,he did,,
1119,uciec,escape,,
1120,paul,paul,,
1121,żartujesz,you're kidding,,
1122,tygodnie,weeks,,
1123,poszedł,gone,,
1124,niezły,good enough,,
1125,powinna,She should,,
1126,jakiego,what,,
1127,uwielbiam,I love,,
1128,małą,little,,
1129,filmu,video,,
1130,niektórzy,some,,
1131,wejdź,visit,,
1132,szpitala,hospital,,
1133,zamiar,intention,,
1134,słychać,be heard,,
1135,milionów,millions,,
1136,przyjaciółmi,friends,,
1137,mogłeś,you could,,
1138,wojna,war,,
1139,ogień,fire,,
1140,pójdziesz,you go,,
1141,zająć,hare,,
1142,kapitan,captain,,
1143,słyszałam,I heard,,
1144,zrobiłam,I did,,
1145,odkąd,since,,
1146,dobrego,good,,
1147,oboje,both,,
1148,uh,uh,,
1149,potrafi,can,,
1150,sekund,seconds,,
1151,pójdziemy,we go,,
1152,obawiam,I'm afraid,,
1153,gotowe,finished,,
1154,cel,objective,,
1155,prezent,gift,,
1156,psa,dog,,
1157,musiała,He had,,
1158,kobietę,woman,,
1159,samej,same,,
1160,mnóstwo,lots of,,
1161,dostałem,I got,,
1162,patrzcie,Look,,
1163,przyjaciela,friend,,
1164,don,don,,
1165,kolację,dinners,,
1166,śmieszne,funny,,
1167,świetny,excellent,,
1168,pewne,some,,
1169,znaczenia,meaning,,
1170,pięknie,beautiful,,
1171,centrum,center,,
1172,próbuję,try,,
1173,przyjacielu,friend,,
1174,bob,broad bean,,
1175,statek,ship,,
1176,zjeść,eat,,
1177,coraz,and,,
1178,dowiedzieć,learn,,
1179,ładnie,nice,,
1180,stoi,standing,,
1181,ostrożnie,carefully,,
1182,chłopiec,boy,,
1183,ciekawe,interesting,,
1184,duże,big,,
1185,boisz,are you afraid,,
1186,siły,strength,,
1187,jeść,eat,,
1188,jadę,I'm going,,
1189,znajdziemy,we find,,
1190,póki,while,,
1191,kobiet,women,,
1192,powód,reason,,
1193,james,james,,
1194,resztę,the rest,,
1195,musieli,They have,,
1196,przestać,stop,,
1197,szczerze,honestly,,
1198,potrafisz,can,,
1199,robotę,job,,
1200,zobaczę,I'll see,,
1201,wierzysz,you believe,,
1202,dole,the bottom,,
1203,dostał,He get,,
1204,lepsze,better,,
1205,znalazł,found,,
1206,stan,state,,
1207,odpowiedź,reply,,
1208,in,in,,
1209,słuchać,listen,,
1210,pomyśl,idea,,
1211,dobrą,Okay,,
1212,twoi,your,,
1213,yeah,yeah,,
1214,sporo,quite a few,,
1215,miesiąc,month,,
1216,martwy,dead,,
1217,wasz,yours,,
1218,poproszę,Please,,
1219,buty,shoes,,
1220,uciekaj,run away,,
1221,stara,old,,
1222,of,of,,
1223,gry,game,,
1224,całej,the whole,,
1225,facetem,guy,,
1226,woda,water,,
1227,nazywasz,call,,
1228,prosić,ask,,
1229,samolot,plane,,
1230,ben,ben,,
1231,pierwszym,first,,
1232,robicie,you do,,
1233,gościa,guest,,
1234,wyboru,selection,,
1235,kraj,country,,
1236,przyszłość,future,,
1237,rodzaju,kind of,,
1238,widziałaś,have you seen,,
1239,billy,billy,,
1240,światła,light,,
1241,fajnie,good,,
1242,powoli,slowly,,
1243,części,parts,,
1244,trudne,hard,,
1245,niesamowite,incredible,,
1246,stamtąd,thence,,
1247,wysokość,height,,
1248,henry,henry,,
1249,zabije,kill,,
1250,jaja,eggs,,
1251,biura,offices,,
1252,nieprawda,not true,,
1253,pomiędzy,between,,
1254,własne,own,,
1255,szef,boss,,
1256,nową,new,,
1257,tygodni,weeks,,
1258,pomogę,help,,
1259,ślub,wedding,,
1260,dzieciaki,kids,,
1261,drinka,drink,,
1262,koło,circle,,
1263,sensu,meaning,,
1264,wielkiego,great,,
1265,mowy,speech,,
1266,skończyć,end,,
1267,podaj,please,,
1268,pasuje,fit,,
1269,la,la,,
1270,s,s,,
1271,zaczął,he started,,
1272,książki,books,,
1273,spotkamy,we'll meet,,
1274,witamy,welcome,,
1275,bierz,take,,
1276,więzienia,prisons,,
1277,d,d,,
1278,doskonale,perfectly,,
1279,przyjęcie,adoption,,
1280,otworzyć,open,,
1281,dziesięć,ten,,
1282,słuchajcie,listen,,
1283,johnny,johnny,,
1284,znaleźliśmy,we found,,
1285,matką,mother,,
1286,rodziców,parents,,
1287,kolejny,next,,
1288,jakbym,I,,
1289,patrzeć,look,,
1290,mogłam,I could,,
1291,jedyną,only,,
1292,ból,pain,,
1293,zapytać,ask,,
1294,lepszy,better,,
1295,pozwolę,I let,,
1296,jedynym,only,,
1297,chcieli,They wanted,,
1298,potrzeba,need,,
1299,pójdzie,will go,,
1300,odejdź,Go away,,
1301,zamierzasz,You are going to,,
1302,wielkim,great,,
1303,pieprzony,frigging,,
1304,oko,eye,,
1305,wokół,around,,
1306,osobą,person,,
1307,król,King,,
1308,uważa,considered,,
1309,rozkaz,command,,
1310,ha,ha,,
1311,martwić,worry,,
1312,klucz,key,,
1313,pytań,questions,,
1314,chory,sick,,
1315,max,max,,
1316,ray,ray,,
1317,przyszedłem,I came,,
1318,san,san,,
1319,sytuacji,situations,,
1320,drugie,second,,
1321,wizja,vision,,
1322,usłyszeć,hear,,
1323,żebyśmy,us,,
1324,zajmie,will,,
1325,powiedzieli,they said,,
1326,oddaj,give,,
1327,nauczyć,learn,,
1328,miłe,nice,,
1329,zrobiłaś,you did,,
1330,jedyny,only,,
1331,okej,okay,,
1332,zamknąć,close,,
1333,skończy,end,,
1334,jedyne,only,,
1335,powstrzymać,stop,,
1336,spoko,cool,,
1337,miałaś,You had,,
1338,brakuje,missing,,
1339,siedem,seven,,
1340,celu,to,,
1341,całego,whole,,
1342,wolny,slow,,
1343,byłby,would,,
1344,de,de,,
1345,piwo,beer,,
1346,umarł,died,,
1347,wcześnie,early,,
1348,tony,tony,,
1349,ostatnia,final,,
1350,kawałek,piece,,
1351,przejść,walk,,
1352,ognia,fire,,
1353,dupę,ass,,
1354,panna,Virgin,,
1355,szczęśliwa,happy,,
1356,ktokolwiek,anyone,,
1357,specjalnie,specially,,
1358,osoby,persons,,
1359,sprawdź,check,,
1360,głupie,silly,,
1361,jakbyś,if you,,
1362,zabiłeś,you killed,,
1363,pierwszej,first,,
1364,straszne,terrible,,
1365,alex,alex,,
1366,wypadku,accident,,
1367,c,c,,
1368,seks,sex,,
1369,info,info,,
1370,minuty,minutes,,
1371,osoba,person,,
1372,szukać,look for,,
1373,miesiące,months,,
1374,historię,story,,
1375,drugą,second,,
1376,pracujesz,working,,
1377,dzieciak,child,,
1378,bill,bill,,
1379,wielką,huge,,
1380,znajdziesz,You will find,,
1381,abyś,you,,
1382,szpitalu,hospital,,
1383,zapomniałem,I forgot,,
1384,kawy,coffee,,
1385,jakimś,some,,
1386,spraw,make it happen,,
1387,samochodzie,car,,
1388,juz,already,,
1389,jazda,ride,,
1390,jim,jim,,
1391,telefonu,phone,,
1392,chciałbyś,You would like to,,
1393,naprzód,forward,,
1394,myślą,think,,
1395,jedyna,only,,
1396,wyglądam,look,,
1397,wśród,among,,
1398,kawę,coffee,,
1399,system,system,,
1400,przygotować,prepare,,
1401,ostatniej,the last,,
1402,zdanie,sentence,,
1403,zimno,cold,,
1404,wynoś,get out,,
1405,dziękujemy,thank you,,
1406,przynieś,bring,,
1407,załatwić,get,,
1408,peter,peter,,
1409,muzyka,music,,
1410,zrozumiałem,I understood,,
1411,moc,power,,
1412,zostanę,stay,,
1413,swego,his,,
1414,stylu,style,,
1415,oprócz,except,,
1416,wychodzi,out,,
1417,poszło,went,,
1418,jedzenia,food,,
1419,zostaniesz,You'll stay,,
1420,zaczynamy,we begin,,
1421,wodę,water,,
1422,wolę,I prefer,,
1423,łóżku,bed,,
1424,znajdzie,finds,,
1425,hmm,hmm,,
1426,prawdziwa,true,,
1427,wow,wow,,
1428,więzieniu,prison,,
1429,zajęty,busy,,
1430,zrobili,they did,,
1431,prowadzi,leads,,
1432,słońce,Sun,,
1433,codziennie,every day,,
1434,znak,sign,,
1435,usiąść,sit down,,
1436,złapać,catch,,
1437,pobrane,downloaded,,
1438,sierżancie,Sergeant,,
1439,założę,I bet,,
1440,częścią,part,,
1441,szansa,chance,,
1442,that,That,,
1443,powiedzenia,Proverbs,,
1444,subedit,SubEdit,,
1445,chodziło,was,,
1446,wiedziałeś,you know,,
1447,znajdź,find,,
1448,wieści,news,,
1449,samą,the same,,
1450,mogło,could,,
1451,ochotę,wanted,,
1452,próbowałem,I tried,,
1453,nick,nick,,
1454,dziękuje,thank you,,
1455,osobiście,personally,,
1456,wiadomo,unknown,,
1457,cudownie,wonderfully,,
1458,jedzie,going,,
1459,fbi,fbi,,
1460,gratulacje,Congratulations,,
1461,życiem,life,,
1462,przestańcie,stop,,
1463,młoda,young,,
1464,druga,second,,
1465,podróż,journey,,
1466,podobno,supposedly,,
1467,wersji,version,,
1468,początek,beginning,,
1469,szczęścia,happiness,,
1470,eddie,eddie,,
1471,kolego,my friend,,
1472,najlepszym,best,,
1473,lewo,left,,
1474,zdaje,seems,,
1475,bobby,bobby,,
1476,t,t,,
1477,niezłe,not bad,,
1478,zasady,rules,,
1479,żyjesz,you live,,
1480,zapomnieć,forget,,
1481,mogłabym,I could,,
1482,siostry,sisters,,
1483,jakiej,which,,
1484,urodziny,birthday,,
1485,zapłacić,pay,,
1486,matkę,mother,,
1487,danny,danny,,
1488,mocy,power,,
1489,siedzieć,sit,,
1490,niezła,bad,,
1491,staram,I try,,
1492,zdobyć,get,,
1493,lee,lee,,
1494,damy,lady,,
1495,gotów,ready,,
1496,dowód,evidence,,
1497,wyprawiasz,doing,,
1498,kochać,love,,
1499,sądzie,court,,
1500,ładna,pretty,,
1501,pieprzyć,fuck,,
1502,komuś,someone,,
1503,telewizji,TV,,
1504,święta,holidays,,
1505,rząd,government,,
1506,steve,steve,,
1507,wybaczyć,forgive,,
1508,związku,Relationship,,
1509,wybór,choice,,
1510,chłopaka,boyfriend,,
1511,miłego,nice,,
1512,pora,time,,
1513,wyjdź,exit,,
1514,idźcie,go,,
1515,martwi,worried,,
1516,chodzić,go,,
1517,nieco,little,,
1518,j,j,,
1519,problemu,the problem,,
1520,stał,steel,,
1521,atak,attack,,
1522,próbował,tried,,
1523,głupia,stupid,,
1524,zobaczmy,let's see,,
1525,gorzej,worse,,
1526,informacje,information,,
1527,godzina,hour,,
1528,książkę,book,,
1529,uczucie,feeling,,
1530,wyjaśnić,explain,,
1531,każda,each,,
1532,głowa,head,,
1533,ej,above,,
1534,przyjemność,pleasure,,
1535,związek,relationship,,
1536,lekarza,doctor,,
1537,znamy,we know,,
1538,rzeczywiście,actually,,
1539,zdrowie,health,,
1540,przychodzi,coming,,
1541,rozumie,understands,,
1542,błagam,I beg,,
1543,boską,gorgeous,,
1544,byśmy,us,,
1545,mieszkanie,flat,,
1546,odpowiedzi,answers,,
1547,wysoki,tall,,
1548,głodny,hungry,,
1549,kolej,rail,,
1550,wiedziała,He knew,,
1551,córkę,daughter,,
1552,najlepszego,best,,
1553,tuż,next door,,
1554,przeciw,against,,
1555,chwilkę,moment,,
1556,potrzebował,needed,,
1557,zostałem,I stayed,,
1558,pierwszą,first,,
1559,adres,address,,
1560,imieniu,behalf of,,
1561,próbuje,try,,
1562,innymi,other,,
1563,kuchni,the kitchen,,
1564,żyją,live,,
1565,ruch,motion,,
1566,zróbmy,let's,,
1567,prosze,Please,,
1568,latach,years,,
1569,przede,first,,
1570,dałem,I gave,,
1571,poczekać,wait,,
1572,osiem,eight,,
1573,wyszedł,came out,,
1574,brać,take,,
1575,banku,bank,,
1576,okno,window,,
1577,gości,guests,,
1578,zabij,kill,,
1579,firmy,companies,,
1580,ciąży,pregnant,,
1581,jake,jake,,
1582,odłóż,put down,,
1583,wrócisz,you will come back,,
1584,śniadanie,breakfast,,
1585,mistrzu,master,,
1586,różne,different,,
1587,wierzyć,believe,,
1588,tommy,tommy,,
1589,przyszłości,future,,
1590,króla,king,,
1591,synem,son,,
1592,spójrzcie,look,,
1593,widzicie,you see,,
1594,przysługę,a favor,,
1595,pobliżu,Nearby,,
1596,czekam,I am waiting,,
1597,leży,is,,
1598,zabrał,took,,
1599,dawna,long,,
1600,dolców,bucks,,
1601,program,program,,
1602,usa,USA,,
1603,zadanie,request,,
1604,plany,plans,,
1605,małego,small,,
1606,r,r,,
1607,dwoje,two,,
1608,pracował,he worked,,
1609,oddać,give back,,
1610,mężczyzn,men,,
1611,ładne,nice,,
1612,mogłabyś,could,,
1613,wobec,to,,
1614,spojrzeć,look,,
1615,rana,wound,,
1616,wyjdzie,come out,,
1617,szalony,insane,,
1618,wrażenie,impression,,
1619,nasi,our,,
1620,kończy,ends,,
1621,biały,white,,
1622,mężczyzną,man,,
1623,szukasz,you are looking for,,
1624,żegnaj,goodbye,,
1625,córki,daughters,,
1626,siê,himself,,
1627,świetne,great,,
1628,szuka,looking,,
1629,gliny,clay,,
1630,zniszczyć,destroy,,
1631,spadaj,Get lost,,
1632,chętnie,willingly,,
1633,weekend,weekend,,
1634,podać,give,,
1635,pociąg,train,,
1636,usta,mouth,,
1637,otwarte,Open,,
1638,moimi,my,,
1639,pierwszego,first,,
1640,powinni,should,,
1641,bezpieczeństwa,safety,,
1642,użyć,use,,
1643,uratować,save,,
1644,faceci,guys,,
1645,zginął,killed,,
1646,własną,own,,
1647,dala,away,,
1648,czarny,black,,
1649,wojnę,war,,
1650,zostawił,he left,,
1651,słów,words,,
1652,dziewczynka,girl,,
1653,dumny,proud,,
1654,bliżej,closer,,
1655,spodoba,like,,
1656,rodzaj,type,,
1657,owszem,yes,,
1658,generale,General,,
1659,ilu,how many,,
1660,zabawy,fun,,
1661,wziął,he took,,
1662,tysiące,thousands,,
1663,zabiłem,I killed,,
1664,stare,old,,
1665,stop,Stop,,
1666,nieprawdaż,is not it,,
1667,pierdol,fuck,,
1668,mecz,match,,
1669,konia,horse,,
1670,świetna,excellent,,
1671,chciałby,would like to,,
1672,dostanę,I will get,,
1673,zgodnie,according to,,
1674,rodziną,family,,
1675,pański,your,,
1676,kasę,money,,
1677,strzelać,shoot,,
1678,obudź,wake,,
1679,rzuć,throw,,
1680,morderstwo,murder,,
1681,wspaniała,great,,
1682,potrzebny,necessary,,
1683,każdą,each,,
1684,zwłaszcza,especially,,
1685,dotykaj,touch,,
1686,przyszła,she came,,
1687,nieba,skies,,
1688,opuścić,leave,,
1689,znalazłeś,found,,
1690,biurze,office,,
1691,momencie,time,,
1692,zabawa,fun,,
1693,siedzi,sit,,
1694,budynku,building,,
1695,grę,game,,
1696,umiem,I can,,
1697,linii,line,,
1698,podejdź,come over,,
1699,informacji,information,,
1700,niewiele,little,,
1701,umiesz,you can,,
1702,przodu,front,,
1703,wraca,returns,,
1704,zespół,team,,
1705,wynocha,get out,,
1706,mówiłaś,you told,,
1707,nikim,anyone,,
1708,jasna,bright,,
1709,słońca,the sun,,
1710,oczach,eyes,,
1711,dobrej,good,,
1712,nr,No.,,
1713,jerry,jerry,,
1714,m,m,,
1715,względu,because,,
1716,krok,step,,
1717,żart,joke,,
1718,musze,I have to,,
1719,zgadzam,I agree,,
1720,prezydent,President,,
1721,rodzinie,family,,
1722,wyjścia,exit,,
1723,gówna,shit,,
1724,niebezpieczne,dangerous,,
1725,pistolet,gun,,
1726,państwo,state,,
1727,drugim,second,,
1728,dziećmi,children,,
1729,miałbym,I would,,
1730,zgoda,consent,,
1731,odebrać,answer,,
1732,wyglądają,look,,
1733,dupy,suck,,
1734,udział,participation,,
1735,mego,my,,
1736,grupa,group,,
1737,lunch,lunch,,
1738,inną,another,,
1739,wygrać,win,,
1740,zeszłym,last,,
1741,nowych,new,,
1742,sytuacja,situation,,
1743,wiary,of faith,,
1744,pory,season,,
1745,ostatnim,the last,,
1746,raport,report,,
1747,niespodzianka,surprise,,
1748,statku,ship,,
1749,różnica,difference,,
1750,poruczniku,Lieutenant,,
1751,chłopca,boy,,
1752,zrobiliśmy,we did,,
1753,problemów,issues,,
1754,jane,jane,,
1755,lekarz,doctor,,
1756,metrów,meters,,
1757,listy,letters,,
1758,czuć,feel,,
1759,jedziesz,you are driving,,
1760,miła,nice,,
1761,trzyma,keeps,,
1762,obraz,image,,
1763,dzwonił,he called,,
1764,przejmuj,worry,,
1765,wóz,car,,
1766,p,p,,
1767,liczy,counts,,
1768,fakt,fact,,
1769,kate,kate,,
1770,straciłem,I lost,,
1771,zostaje,is,,
1772,znalazłam,I found,,
1773,komu,who,,
1774,powietrze,air,,
1775,szefem,head,,
1776,mózgu,the brain,,
1777,poszła,She went,,
1778,dostanie,get,,
1779,biorę,I take,,
1780,dave,dave,,
1781,cisza,silence,,
1782,twierdzi,argues,,
1783,sprawia,makes,,
1784,wydostać,out,,
1785,wewnątrz,inside,,
1786,wychodzę,I go out,,
1787,zmęczony,tired,,
1788,mil,mil,,
1789,widok,view,,
1790,pozbyć,get rid of,,
1791,dupku,asshole,,
1792,długi,long,,
1793,idą,they go,,
1794,iż,that,,
1795,pozwoli,will,,
1796,lecieć,fly,,
1797,korekta,correction,,
1798,ładny,pretty,,
1799,piłkę,ball,,
1800,pułkowniku,Colonel,,
1801,kłopotów,trouble,,
1802,towar,commodity,,
1803,poradzę,I handle it,,
1804,klasy,class,,
1805,lubią,they like,,
1806,karty,card,,
1807,dziwnie,oddly,,
1808,inna,other,,
1809,radio,radio,,
1810,interesuje,interest,,
1811,znaczyć,mean,,
1812,wyjście,exit,,
1813,możliwości,capabilities,,
1814,prawdy,truth,,
1815,abym,I,,
1816,bawić,entertain,,
1817,prawdziwym,real,,
1818,nadchodzi,coming,,
1819,widzieliśmy,we have seen,,
1820,daję,gives,,
1821,małym,small,,
1822,ziemia,Earth,,
1823,ah,ah,,
1824,własnej,own,,
1825,oczu,Eye,,
1826,przyznać,admit,,
1827,staje,becomes,,
1828,pić,drink,,
1829,następnego,the next,,
1830,ojcu,father,,
1831,will,will,,
1832,indziej,else,,
1833,oglądać,watch,,
1834,zaczynam,I begin,,
1835,zabiorę,I'll take,,
1836,zacznie,starts,,
1837,bratem,brother,,
1838,akurat,exactly,,
1839,dupek,asshole,,
1840,uwagi,comments,,
1841,wujek,uncle,,
1842,drogą,way,,
1843,uciekać,run away,,
1844,zastanawiam,I'm thinking,,
1845,kierunku,direction,,
1846,wrócimy,return,,
1847,myślicie,you think,,
1848,prowadzić,lead,,
1849,bój,funk,,
1850,mówimy,we say,,
1851,obaj,both,,
1852,pojechać,go,,
1853,przyszedłeś,you came,,
1854,okolicy,neighborhood,,
1855,kwiaty,flowers,,
1856,wyjechać,to leave,,
1857,zamknięte,closed,,
1858,punkt,point,,
1859,facetów,guys,,
1860,bank,bank,,
1861,pospiesz,hurry,,
1862,szkodzi,harms,,
1863,bierze,takes,,
1864,mózg,brain,,
1865,daleka,afar,,
1866,your,your,,
1867,miliony,millions,,
1868,język,language,,
1869,kotku,Kitty,,
1870,wydarzyło,happened,,
1871,zaczęło,started,,
1872,wsiadaj,Get in,,
1873,absolutnie,absolutely,,
1874,sygnał,signal,,
1875,umrze,dies,,
1876,biuro,office,,
1877,milion,million,,
1878,dane,data,,
1879,kości,bones,,
1880,jezus,Jesus,,
1881,rzeczą,thing,,
1882,mówili,they said,,
1883,wujku,Uncle,,
1884,skończyłem,I finished,,
1885,tatuś,daddy,,
1886,śmiało,boldly,,
1887,najlepsza,best,,
1888,żadna,none,,
1889,wyluzuj,chill out,,
1890,psy,dogs,,
1891,ubrania,Clothes,,
1892,niektóre,some,,
1893,innej,another,,
1894,rozmawialiśmy,we talked,,
1895,kontakt,contact,,
1896,zobaczyłem,I saw,,
1897,łódź,boat,,
1898,taty,dad,,
1899,pytam,I ask,,
1900,żył,he lived,,
1901,biegnij,run,,
1902,myślałeś,thought,,
1903,zmienia,change,,
1904,wiatr,wind,,
1905,żyję,lives,,
1906,czasy,times,,
1907,pomyślałam,I thought,,
1908,cholerny,damn,,
1909,znaleźli,found,,
1910,kasy,cash,,
1911,chronić,protect,,
1912,laboratorium,lab,,
1913,potrzebne,necessary,,
1914,zmieni,change,,
1915,dostałeś,you get,,
1916,powiedzmy,say,,
1917,wolność,freedom,,
1918,moge,I can,,
1919,rękach,hands,,
1920,interesy,interests,,
1921,kolejne,next,,
1922,cos,something,,
1923,amen,Amen,,
1924,dniu,day,,
1925,śpi,sleeps,,
1926,czułem,I felt,,
1927,uciekł,he fled,,
1928,mark,mark,,
1929,okropne,awful,,
1930,waszej,yours,,
1931,gorąco,hot,,
1932,walka,fight,,
1933,akcji,shares,,
1934,sto,hundred,,
1935,przyjdę,I will come,,
1936,własny,own,,
1937,kazał,he ordered,,
1938,stracić,lose,,
1939,dzwoni,is calling,,
1940,cholernie,damned,,
1941,rozmawiałem,I was talking,,
1942,drugiego,second,,
1943,tamtej,then,,
1944,zaufaj,trust,,
1945,czytać,read,,
1946,wraz,together,,
1947,państwa,countries,,
1948,szczególnie,especially,,
1949,każde,every,,
1950,sprzedać,sell,,
1951,spytać,ask,,
1952,woli,will,,
1953,wysłać,send,,
1954,wiec,so,,
1955,przypadek,case,,
1956,angeles,angeles,,
1957,ducha,spirit,,
1958,czekają,they are waiting,,
1959,chris,chris,,
1960,doktora,Dr.,,
1961,spróbuję,I try,,
1962,wyglądać,look,,
1963,naprawić,fix,,
1964,larry,larry,,
1965,posłuchać,listen,,
1966,zobaczy,see,,
1967,duża,big,,
1968,przypadku,case,,
1969,przyjechał,he came,,
1970,wróć,return,,
1971,dowody,evidence,,
1972,pomożesz,help,,
1973,ostatnią,final,,
1974,szlag,damn,,
1975,wybrać,choose,,
1976,swoimi,his,,
1977,wracamy,return,,
1978,nazywają,call,,
1979,umysł,mind,,
1980,podróży,travel,,
1981,pomyśleć,think,,
1982,gadać,talk,,
1983,nóż,knife,,
1984,andy,andy,,
1985,różnych,different,,
1986,mężem,husband,,
1987,richard,richard,,
1988,rozkazy,orders,,
1989,armii,army,,
1990,badania,survey,,
1991,ameryki,america,,
1992,niebo,sky,,
1993,musiałam,I had to,,
1994,jestes,You are,,
1995,strach,fear,,
1996,uczyć,teach,,
1997,bycie,being,,
1998,charles,charles,,
1999,zmarł,He died,,
2000,wierzy,believes,,